SubjectID,Group,Phase,TrialNumber,TargetSide,ResponseSide,IsCorrect,ReactionTime_ms,EMSOffset_ms,EMSFireTiming_ms,AgencyYes,Timestamp
P035,Voluntary,Baseline,1,Left,Left,1,215.879,0.0,0.0,0,2026-04-26T15:58:30.954120+00:00
P035,Voluntary,Baseline,2,Left,Left,1,262.879,0.0,0.0,0,2026-04-26T15:58:30.954120+00:00
P035,Voluntary,Baseline,3,Right,Right,1,211.879,0.0,0.0,0,2026-04-26T15:58:30.954120+00:00
P035,Voluntary,Baseline,4,Left,Left,1,234.879,0.0,0.0,0,2026-04-26T15:58:30.954120+00:00
P035,Voluntary,Baseline,5,Left,Left,1,204.879,0.0,0.0,0,2026-04-26T15:58:30.954120+00:00
P035,Voluntary,Baseline,6,Right,Right,1,214.879,0.0,0.0,0,2026-04-26T15:58:30.954120+00:00
P035,Voluntary,Baseline,7,Right,Right,1,216.879,0.0,0.0,0,2026-04-26T15:58:30.954120+00:00
P035,Voluntary,Baseline,8,Left,Left,1,228.879,0.0,0.0,0,2026-04-26T15:58:30.954120+00:00
P035,Voluntary,Baseline,9,Left,Left,1,213.879,0.0,0.0,0,2026-04-26T15:58:30.954120+00:00
P035,Voluntary,Baseline,10,Left,Left,1,203.879,0.0,0.0,0,2026-04-26T15:58:30.954120+00:00
P035,Voluntary,Baseline,11,Right,Right,1,234.879,0.0,0.0,0,2026-04-26T15:58:30.954120+00:00
P035,Voluntary,Baseline,12,Right,Right,1,306.879,0.0,0.0,0,2026-04-26T15:58:30.954120+00:00
P035,Voluntary,Baseline,13,Right,Right,1,417.879,0.0,0.0,0,2026-04-26T15:58:30.954120+00:00
P035,Voluntary,Baseline,14,Left,Left,1,219.879,0.0,0.0,0,2026-04-26T15:58:30.954120+00:00
P035,Voluntary,Baseline,15,Left,Left,1,259.879,0.0,0.0,0,2026-04-26T15:58:30.954120+00:00
P035,Voluntary,Baseline,16,Left,Left,1,226.879,0.0,0.0,0,2026-04-26T15:58:30.954120+00:00
P035,Voluntary,Baseline,17,Left,Left,1,212.879,0.0,0.0,0,2026-04-26T15:58:30.954120+00:00
P035,Voluntary,Baseline,18,Left,Left,1,251.879,0.0,0.0,0,2026-04-26T15:58:30.954120+00:00
P035,Voluntary,Baseline,19,Left,Left,1,220.879,0.0,0.0,0,2026-04-26T15:58:30.954120+00:00
P035,Voluntary,Baseline,20,Right,Right,1,253.879,0.0,0.0,0,2026-04-26T15:58:30.954120+00:00
P035,Voluntary,Baseline,21,Left,Left,1,209.879,0.0,0.0,0,2026-04-26T15:58:30.954120+00:00
P035,Voluntary,Baseline,22,Left,Left,1,283.879,0.0,0.0,0,2026-04-26T15:58:30.954120+00:00
P035,Voluntary,Baseline,23,Right,Right,1,256.879,0.0,0.0,0,2026-04-26T15:58:30.954120+00:00
P035,Voluntary,Baseline,24,Left,Left,1,255.879,0.0,0.0,0,2026-04-26T15:58:30.954120+00:00
P035,Voluntary,Baseline,25,Left,Left,1,222.879,0.0,0.0,0,2026-04-26T15:58:30.954120+00:00
P035,Voluntary,Baseline,26,Right,Right,1,224.879,0.0,0.0,0,2026-04-26T15:58:30.954120+00:00
P035,Voluntary,Baseline,27,Left,Left,1,260.879,0.0,0.0,0,2026-04-26T15:58:30.954120+00:00
P035,Voluntary,Baseline,28,Left,Left,1,237.879,0.0,0.0,0,2026-04-26T15:58:30.954120+00:00
P035,Voluntary,Baseline,29,Right,Right,1,268.879,0.0,0.0,0,2026-04-26T15:58:30.954120+00:00
P035,Voluntary,Baseline,30,Left,Left,1,229.879,0.0,0.0,0,2026-04-26T15:58:30.954120+00:00
P035,Voluntary,Baseline,31,Right,Right,1,322.879,0.0,0.0,0,2026-04-26T15:58:30.954120+00:00
P035,Voluntary,Baseline,32,Left,Left,1,227.879,0.0,0.0,0,2026-04-26T15:58:30.954120+00:00
P035,Voluntary,Baseline,33,Left,Left,1,198.879,0.0,0.0,0,2026-04-26T15:58:30.954120+00:00
P035,Voluntary,Baseline,34,Right,Right,1,296.879,0.0,0.0,0,2026-04-26T15:58:30.954120+00:00
P035,Voluntary,Baseline,35,Right,Right,1,264.879,0.0,0.0,0,2026-04-26T15:58:30.954120+00:00
P035,Voluntary,Baseline,36,Right,Right,1,212.879,0.0,0.0,0,2026-04-26T15:58:30.954120+00:00
P035,Voluntary,Baseline,37,Right,Right,1,241.879,0.0,0.0,0,2026-04-26T15:58:30.954120+00:00
P035,Voluntary,Baseline,38,Right,Right,1,206.879,0.0,0.0,0,2026-04-26T15:58:30.954120+00:00
P035,Voluntary,Baseline,39,Right,Right,1,213.879,0.0,0.0,0,2026-04-26T15:58:30.954120+00:00
P035,Voluntary,Baseline,40,Right,Right,1,327.879,0.0,0.0,0,2026-04-26T15:58:30.954120+00:00
P035,Voluntary,Baseline,41,Right,Right,1,230.879,0.0,0.0,0,2026-04-26T15:58:30.954120+00:00
P035,Voluntary,Baseline,42,Left,Right,0,226.879,0.0,0.0,0,2026-04-26T15:58:30.954120+00:00
P035,Voluntary,Baseline,43,Right,Right,1,289.879,0.0,0.0,0,2026-04-26T15:58:30.954120+00:00
P035,Voluntary,Baseline,44,Left,Left,1,203.879,0.0,0.0,0,2026-04-26T15:58:30.954120+00:00
P035,Voluntary,Baseline,45,Right,Right,1,243.879,0.0,0.0,0,2026-04-26T15:58:30.954120+00:00
P035,Voluntary,Baseline,46,Right,Right,1,254.879,0.0,0.0,0,2026-04-26T15:58:30.954120+00:00
P035,Voluntary,Baseline,47,Left,Left,1,288.879,0.0,0.0,0,2026-04-26T15:58:30.954120+00:00
P035,Voluntary,Baseline,48,Right,Right,1,296.879,0.0,0.0,0,2026-04-26T15:58:30.954120+00:00
P035,Voluntary,Baseline,49,Right,Right,1,296.879,0.0,0.0,0,2026-04-26T15:58:30.954120+00:00
P035,Voluntary,Baseline,50,Right,Right,1,193.879,0.0,0.0,0,2026-04-26T15:58:30.954120+00:00
P035,Voluntary,Baseline,51,Left,Left,1,322.879,0.0,0.0,0,2026-04-26T15:58:30.954120+00:00
P035,Voluntary,Baseline,52,Left,Left,1,262.879,0.0,0.0,0,2026-04-26T15:58:30.954120+00:00
P035,Voluntary,Baseline,53,Right,Right,1,236.879,0.0,0.0,0,2026-04-26T15:58:30.954120+00:00
P035,Voluntary,Baseline,54,Right,Right,1,230.879,0.0,0.0,0,2026-04-26T15:58:30.954120+00:00
P035,Voluntary,Baseline,55,Left,Left,1,246.879,0.0,0.0,0,2026-04-26T15:58:30.954120+00:00
P035,Voluntary,Baseline,56,Left,Left,1,266.879,0.0,0.0,0,2026-04-26T15:58:30.954120+00:00
P035,Voluntary,Baseline,57,Left,Left,1,203.879,0.0,0.0,0,2026-04-26T15:58:30.954120+00:00
P035,Voluntary,Baseline,58,Right,Left,0,277.879,0.0,0.0,0,2026-04-26T15:58:30.954120+00:00
P035,Voluntary,Baseline,59,Right,Right,1,218.879,0.0,0.0,0,2026-04-26T15:58:30.954120+00:00
P035,Voluntary,Baseline,60,Left,Left,1,247.879,0.0,0.0,0,2026-04-26T15:58:30.954120+00:00
P035,Voluntary,Baseline,61,Right,Right,1,246.879,0.0,0.0,0,2026-04-26T15:58:30.954120+00:00
P035,Voluntary,Baseline,62,Left,Left,1,228.879,0.0,0.0,0,2026-04-26T15:58:30.954120+00:00
P035,Voluntary,Baseline,63,Left,Left,1,248.879,0.0,0.0,0,2026-04-26T15:58:30.954120+00:00
P035,Voluntary,Baseline,64,Right,Right,1,206.879,0.0,0.0,0,2026-04-26T15:58:30.954120+00:00
P035,Voluntary,Baseline,65,Right,Right,1,248.879,0.0,0.0,0,2026-04-26T15:58:30.954120+00:00
P035,Voluntary,Baseline,66,Right,Right,1,287.879,0.0,0.0,0,2026-04-26T15:58:30.954120+00:00
P035,Voluntary,Baseline,67,Left,Left,1,339.879,0.0,0.0,0,2026-04-26T15:58:30.954120+00:00
P035,Voluntary,Baseline,68,Right,Right,1,211.879,0.0,0.0,0,2026-04-26T15:58:30.954120+00:00
P035,Voluntary,Baseline,69,Right,Right,1,302.879,0.0,0.0,0,2026-04-26T15:58:30.954120+00:00
P035,Voluntary,Baseline,70,Right,Right,1,242.879,0.0,0.0,0,2026-04-26T15:58:30.954120+00:00
P035,Voluntary,Baseline,71,Right,Right,1,244.879,0.0,0.0,0,2026-04-26T15:58:30.954120+00:00
P035,Voluntary,Baseline,72,Left,Left,1,220.879,0.0,0.0,0,2026-04-26T15:58:30.954120+00:00
P035,Voluntary,Baseline,73,Right,Right,1,280.879,0.0,0.0,0,2026-04-26T15:58:30.954120+00:00
P035,Voluntary,Baseline,74,Right,Right,1,287.879,0.0,0.0,0,2026-04-26T15:58:30.954120+00:00
P035,Voluntary,Baseline,75,Left,Left,1,216.879,0.0,0.0,0,2026-04-26T15:58:30.954120+00:00
P035,Voluntary,Baseline,76,Right,Right,1,324.879,0.0,0.0,0,2026-04-26T15:58:30.954120+00:00
P035,Voluntary,Baseline,77,Left,Right,0,286.879,0.0,0.0,0,2026-04-26T15:58:30.954120+00:00
P035,Voluntary,Baseline,78,Right,Right,1,336.879,0.0,0.0,0,2026-04-26T15:58:30.954120+00:00
P035,Voluntary,Baseline,79,Left,Left,1,370.879,0.0,0.0,0,2026-04-26T15:58:30.954120+00:00
P035,Voluntary,Baseline,80,Left,Left,1,216.879,0.0,0.0,0,2026-04-26T15:58:30.954120+00:00
P035,Voluntary,Baseline,81,Right,Right,1,244.879,0.0,0.0,0,2026-04-26T15:58:30.954120+00:00
P035,Voluntary,Baseline,82,Right,Right,1,237.879,0.0,0.0,0,2026-04-26T15:58:30.954120+00:00
P035,Voluntary,Baseline,83,Right,Right,1,232.879,0.0,0.0,0,2026-04-26T15:58:30.954120+00:00
P035,Voluntary,Baseline,84,Right,Right,1,227.879,0.0,0.0,0,2026-04-26T15:58:30.954120+00:00
P035,Voluntary,Baseline,85,Right,Right,1,209.879,0.0,0.0,0,2026-04-26T15:58:30.954120+00:00
P035,Voluntary,Baseline,86,Left,Left,1,264.879,0.0,0.0,0,2026-04-26T15:58:30.954120+00:00
P035,Voluntary,Baseline,87,Left,Left,1,272.879,0.0,0.0,0,2026-04-26T15:58:30.954120+00:00
P035,Voluntary,Baseline,88,Right,Right,1,229.879,0.0,0.0,0,2026-04-26T15:58:30.954120+00:00
P035,Voluntary,Baseline,89,Right,Right,1,249.879,0.0,0.0,0,2026-04-26T15:58:30.954120+00:00
P035,Voluntary,Baseline,90,Right,Right,1,270.879,0.0,0.0,0,2026-04-26T15:58:30.954120+00:00
P035,Voluntary,Baseline,91,Left,Left,1,198.879,0.0,0.0,0,2026-04-26T15:58:30.954120+00:00
P035,Voluntary,Baseline,92,Left,Right,0,259.879,0.0,0.0,0,2026-04-26T15:58:30.954120+00:00
P035,Voluntary,Baseline,93,Left,Right,0,224.879,0.0,0.0,0,2026-04-26T15:58:30.954120+00:00
P035,Voluntary,Baseline,94,Left,Left,1,268.879,0.0,0.0,0,2026-04-26T15:58:30.954120+00:00
P035,Voluntary,Baseline,95,Right,Right,1,266.879,0.0,0.0,0,2026-04-26T15:58:30.954120+00:00
P035,Voluntary,Baseline,96,Left,Left,1,320.879,0.0,0.0,0,2026-04-26T15:58:30.954120+00:00
P035,Voluntary,Baseline,97,Right,Right,1,261.879,0.0,0.0,0,2026-04-26T15:58:30.954120+00:00
P035,Voluntary,Baseline,98,Right,Right,1,247.879,0.0,0.0,0,2026-04-26T15:58:30.954120+00:00
P035,Voluntary,Baseline,99,Right,Right,1,266.879,0.0,0.0,0,2026-04-26T15:58:30.954120+00:00
P035,Voluntary,Baseline,100,Right,Right,1,216.879,0.0,0.0,0,2026-04-26T15:58:30.954120+00:00
P035,Voluntary,Baseline,101,Right,Right,1,237.879,0.0,0.0,0,2026-04-26T15:58:30.954120+00:00
P035,Voluntary,Baseline,102,Left,Left,1,297.879,0.0,0.0,0,2026-04-26T15:58:30.954120+00:00
P035,Voluntary,Baseline,103,Left,Left,1,237.879,0.0,0.0,0,2026-04-26T15:58:30.954120+00:00
P035,Voluntary,Baseline,104,Left,Left,1,240.879,0.0,0.0,0,2026-04-26T15:58:30.954120+00:00
P035,Voluntary,Baseline,105,Left,Right,0,311.879,0.0,0.0,0,2026-04-26T15:58:30.954120+00:00
P035,Voluntary,Baseline,106,Left,Right,0,237.879,0.0,0.0,0,2026-04-26T15:58:30.954120+00:00
P035,Voluntary,Baseline,107,Right,Left,0,286.879,0.0,0.0,0,2026-04-26T15:58:30.954120+00:00
P035,Voluntary,Baseline,108,Right,Right,1,229.879,0.0,0.0,0,2026-04-26T15:58:30.954120+00:00
P035,Voluntary,Baseline,109,Right,Right,1,316.879,0.0,0.0,0,2026-04-26T15:58:30.954120+00:00
P035,Voluntary,Baseline,110,Left,Left,1,256.879,0.0,0.0,0,2026-04-26T15:58:30.954120+00:00
P035,Voluntary,Baseline,111,Right,Right,1,258.879,0.0,0.0,0,2026-04-26T15:58:30.954120+00:00
P035,Voluntary,Baseline,112,Right,Right,1,283.879,0.0,0.0,0,2026-04-26T15:58:30.954120+00:00
P035,Voluntary,Baseline,113,Right,Left,0,233.879,0.0,0.0,0,2026-04-26T15:58:30.954120+00:00
P035,Voluntary,Baseline,114,Right,Right,1,352.879,0.0,0.0,0,2026-04-26T15:58:30.954120+00:00
P035,Voluntary,Baseline,115,Left,Left,1,216.879,0.0,0.0,0,2026-04-26T15:58:30.954120+00:00
P035,Voluntary,Baseline,116,Right,Right,1,209.879,0.0,0.0,0,2026-04-26T15:58:30.954120+00:00
P035,Voluntary,Baseline,117,Left,Left,1,220.879,0.0,0.0,0,2026-04-26T15:58:30.954120+00:00
P035,Voluntary,Baseline,118,Right,Right,1,220.879,0.0,0.0,0,2026-04-26T15:58:30.954120+00:00
P035,Voluntary,Baseline,119,Left,Right,0,195.879,0.0,0.0,0,2026-04-26T15:58:30.954120+00:00
P035,Voluntary,Baseline,120,Left,Left,1,285.879,0.0,0.0,0,2026-04-26T15:58:30.954120+00:00
P035,Voluntary,Baseline,121,Left,Left,1,202.879,0.0,0.0,0,2026-04-26T15:58:30.954120+00:00
P035,Voluntary,Baseline,122,Right,Right,1,196.879,0.0,0.0,0,2026-04-26T15:58:30.954120+00:00
P035,Voluntary,Baseline,123,Left,Left,1,219.879,0.0,0.0,0,2026-04-26T15:58:30.954120+00:00
P035,Voluntary,Baseline,124,Right,Right,1,425.879,0.0,0.0,0,2026-04-26T15:58:30.954120+00:00
P035,Voluntary,Baseline,125,Left,Left,1,225.879,0.0,0.0,0,2026-04-26T15:58:30.954120+00:00
P035,Voluntary,Baseline,126,Right,Right,1,248.879,0.0,0.0,0,2026-04-26T15:58:30.954120+00:00
P035,Voluntary,Baseline,127,Left,Left,1,405.879,0.0,0.0,0,2026-04-26T15:58:30.954120+00:00
P035,Voluntary,Baseline,128,Left,Left,1,233.879,0.0,0.0,0,2026-04-26T15:58:30.954120+00:00
P035,Voluntary,Baseline,129,Left,Right,0,219.879,0.0,0.0,0,2026-04-26T15:58:30.954120+00:00
P035,Voluntary,Baseline,130,Right,Left,0,230.879,0.0,0.0,0,2026-04-26T15:58:30.954120+00:00
P035,Voluntary,Baseline,131,Right,Right,1,299.879,0.0,0.0,0,2026-04-26T15:58:30.954120+00:00
P035,Voluntary,Baseline,132,Left,Left,1,265.879,0.0,0.0,0,2026-04-26T15:58:30.954120+00:00
P035,Voluntary,Baseline,133,Right,Right,1,212.879,0.0,0.0,0,2026-04-26T15:58:30.954120+00:00
P035,Voluntary,Baseline,134,Right,Right,1,220.879,0.0,0.0,0,2026-04-26T15:58:30.954120+00:00
P035,Voluntary,Baseline,135,Left,Left,1,363.879,0.0,0.0,0,2026-04-26T15:58:30.954120+00:00
P035,Voluntary,Baseline,136,Left,Left,1,290.879,0.0,0.0,0,2026-04-26T15:58:30.954120+00:00
P035,Voluntary,Baseline,137,Right,Left,0,304.879,0.0,0.0,0,2026-04-26T15:58:30.954120+00:00
P035,Voluntary,Baseline,138,Left,Left,1,324.879,0.0,0.0,0,2026-04-26T15:58:30.954120+00:00
P035,Voluntary,Baseline,139,Right,Right,1,274.879,0.0,0.0,0,2026-04-26T15:58:30.954120+00:00
P035,Voluntary,Baseline,140,Right,Right,1,198.879,0.0,0.0,0,2026-04-26T15:58:30.954120+00:00
P035,Voluntary,Baseline,141,Right,Right,1,327.879,0.0,0.0,0,2026-04-26T15:58:30.954120+00:00
P035,Voluntary,Baseline,142,Right,Right,1,243.879,0.0,0.0,0,2026-04-26T15:58:30.954120+00:00
P035,Voluntary,Baseline,143,Left,Left,1,249.879,0.0,0.0,0,2026-04-26T15:58:30.954120+00:00
P035,Voluntary,Baseline,144,Left,Left,1,210.879,0.0,0.0,0,2026-04-26T15:58:30.954120+00:00
P035,Voluntary,Baseline,145,Right,Right,1,331.879,0.0,0.0,0,2026-04-26T15:58:30.954120+00:00
P035,Voluntary,Baseline,146,Left,Left,1,199.879,0.0,0.0,0,2026-04-26T15:58:30.954120+00:00
P035,Voluntary,Baseline,147,Right,Right,1,198.879,0.0,0.0,0,2026-04-26T15:58:30.954120+00:00
P035,Voluntary,Baseline,148,Left,Left,1,241.879,0.0,0.0,0,2026-04-26T15:58:30.954120+00:00
P035,Voluntary,Baseline,149,Left,Left,1,212.879,0.0,0.0,0,2026-04-26T15:58:30.954120+00:00
P035,Voluntary,Baseline,150,Right,Right,1,205.879,0.0,0.0,0,2026-04-26T15:58:30.954120+00:00
P035,Voluntary,Baseline,151,Right,Right,1,202.879,0.0,0.0,0,2026-04-26T15:58:30.954120+00:00
P035,Voluntary,Baseline,152,Left,Left,1,292.879,0.0,0.0,0,2026-04-26T15:58:30.954120+00:00
P035,Voluntary,Baseline,153,Right,Right,1,275.879,0.0,0.0,0,2026-04-26T15:58:30.954120+00:00
P035,Voluntary,Baseline,154,Left,Left,1,231.879,0.0,0.0,0,2026-04-26T15:58:30.954120+00:00
P035,Voluntary,Baseline,155,Left,Left,1,250.879,0.0,0.0,0,2026-04-26T15:58:30.954120+00:00
P035,Voluntary,Baseline,156,Left,Left,1,219.879,0.0,0.0,0,2026-04-26T15:58:30.954120+00:00
P035,Voluntary,Baseline,157,Right,Right,1,259.879,0.0,0.0,0,2026-04-26T15:58:30.954120+00:00
P035,Voluntary,Baseline,158,Right,Right,1,248.879,0.0,0.0,0,2026-04-26T15:58:30.954120+00:00
P035,Voluntary,Baseline,159,Left,Left,1,278.879,0.0,0.0,0,2026-04-26T15:58:30.954120+00:00
P035,Voluntary,Baseline,160,Left,Left,1,213.879,0.0,0.0,0,2026-04-26T15:58:30.954120+00:00
P035,Voluntary,Baseline,161,Left,Left,1,266.879,0.0,0.0,0,2026-04-26T15:58:30.954120+00:00
P035,Voluntary,Baseline,162,Left,Left,1,212.879,0.0,0.0,0,2026-04-26T15:58:30.954120+00:00
P035,Voluntary,Baseline,163,Left,Left,1,213.879,0.0,0.0,0,2026-04-26T15:58:30.954120+00:00
P035,Voluntary,Baseline,164,Right,Right,1,260.879,0.0,0.0,0,2026-04-26T15:58:30.954120+00:00
P035,Voluntary,Baseline,165,Left,Left,1,223.879,0.0,0.0,0,2026-04-26T15:58:30.954120+00:00
P035,Voluntary,Baseline,166,Right,Right,1,247.879,0.0,0.0,0,2026-04-26T15:58:30.954120+00:00
P035,Voluntary,Baseline,167,Right,Right,1,272.879,0.0,0.0,0,2026-04-26T15:58:30.954120+00:00
P035,Voluntary,Baseline,168,Left,Left,1,341.879,0.0,0.0,0,2026-04-26T15:58:30.954120+00:00
P035,Voluntary,Baseline,169,Left,Left,1,203.879,0.0,0.0,0,2026-04-26T15:58:30.954120+00:00
P035,Voluntary,Baseline,170,Left,Left,1,239.879,0.0,0.0,0,2026-04-26T15:58:30.954120+00:00
P035,Voluntary,Baseline,171,Left,Left,1,199.879,0.0,0.0,0,2026-04-26T15:58:30.954120+00:00
P035,Voluntary,Baseline,172,Left,Left,1,242.879,0.0,0.0,0,2026-04-26T15:58:30.954120+00:00
P035,Voluntary,Baseline,173,Left,Left,1,225.879,0.0,0.0,0,2026-04-26T15:58:30.954120+00:00
P035,Voluntary,Baseline,174,Left,Left,1,215.879,0.0,0.0,0,2026-04-26T15:58:30.954120+00:00
P035,Voluntary,Baseline,175,Left,Left,1,291.879,0.0,0.0,0,2026-04-26T15:58:30.954120+00:00
P035,Voluntary,Baseline,176,Right,Right,1,225.879,0.0,0.0,0,2026-04-26T15:58:30.954120+00:00
P035,Voluntary,Baseline,177,Left,Left,1,209.879,0.0,0.0,0,2026-04-26T15:58:30.954120+00:00
P035,Voluntary,Baseline,178,Left,Left,1,236.879,0.0,0.0,0,2026-04-26T15:58:30.954120+00:00
P035,Voluntary,Baseline,179,Right,Right,1,201.879,0.0,0.0,0,2026-04-26T15:58:30.954120+00:00
P035,Voluntary,Baseline,180,Left,Left,1,264.879,0.0,0.0,0,2026-04-26T15:58:30.954120+00:00
P035,Voluntary,Baseline,181,Left,Left,1,220.879,0.0,0.0,0,2026-04-26T15:58:30.954120+00:00
P035,Voluntary,Baseline,182,Right,Right,1,228.879,0.0,0.0,0,2026-04-26T15:58:30.954120+00:00
P035,Voluntary,Baseline,183,Right,Left,0,340.879,0.0,0.0,0,2026-04-26T15:58:30.954120+00:00
P035,Voluntary,Baseline,184,Left,Right,0,307.879,0.0,0.0,0,2026-04-26T15:58:30.954120+00:00
P035,Voluntary,Baseline,185,Right,Right,1,207.879,0.0,0.0,0,2026-04-26T15:58:30.954120+00:00
P035,Voluntary,Baseline,186,Right,Right,1,290.879,0.0,0.0,0,2026-04-26T15:58:30.954120+00:00
P035,Voluntary,Baseline,187,Left,Left,1,228.879,0.0,0.0,0,2026-04-26T15:58:30.954120+00:00
P035,Voluntary,Baseline,188,Left,Left,1,367.879,0.0,0.0,0,2026-04-26T15:58:30.954120+00:00
P035,Voluntary,Baseline,189,Left,Left,1,230.879,0.0,0.0,0,2026-04-26T15:58:30.954120+00:00
P035,Voluntary,Baseline,190,Left,Left,1,289.879,0.0,0.0,0,2026-04-26T15:58:30.954120+00:00
P035,Voluntary,Baseline,191,Right,Right,1,215.879,0.0,0.0,0,2026-04-26T15:58:30.954120+00:00
P035,Voluntary,Baseline,192,Left,Left,1,323.879,0.0,0.0,0,2026-04-26T15:58:30.954120+00:00
P035,Voluntary,Baseline,193,Right,Right,1,254.879,0.0,0.0,0,2026-04-26T15:58:30.954120+00:00
P035,Voluntary,Baseline,194,Right,Right,1,213.879,0.0,0.0,0,2026-04-26T15:58:30.954120+00:00
P035,Voluntary,Baseline,195,Left,Right,0,241.879,0.0,0.0,0,2026-04-26T15:58:30.954120+00:00
P035,Voluntary,Baseline,196,Right,Right,1,270.879,0.0,0.0,0,2026-04-26T15:58:30.954120+00:00
P035,Voluntary,Baseline,197,Right,Right,1,214.879,0.0,0.0,0,2026-04-26T15:58:30.954120+00:00
P035,Voluntary,Baseline,198,Right,Right,1,232.879,0.0,0.0,0,2026-04-26T15:58:30.954120+00:00
P035,Voluntary,Baseline,199,Right,Right,1,288.879,0.0,0.0,0,2026-04-26T15:58:30.954120+00:00
P035,Voluntary,Baseline,200,Left,Left,1,235.879,0.0,0.0,0,2026-04-26T15:58:30.954120+00:00
P035,Voluntary,PostTest,201,Right,Right,1,226.879,0.0,0.0,0,2026-04-26T15:58:30.963729+00:00
P035,Voluntary,PostTest,202,Left,Left,1,198.879,0.0,0.0,0,2026-04-26T15:58:30.963729+00:00
P035,Voluntary,PostTest,203,Right,Right,1,217.879,0.0,0.0,0,2026-04-26T15:58:30.963729+00:00
P035,Voluntary,PostTest,204,Left,Left,1,202.879,0.0,0.0,0,2026-04-26T15:58:30.963729+00:00
P035,Voluntary,PostTest,205,Right,Right,1,255.879,0.0,0.0,0,2026-04-26T15:58:30.963729+00:00
P035,Voluntary,PostTest,206,Right,Right,1,316.879,0.0,0.0,0,2026-04-26T15:58:30.963729+00:00
P035,Voluntary,PostTest,207,Left,Left,1,313.879,0.0,0.0,0,2026-04-26T15:58:30.963729+00:00
P035,Voluntary,PostTest,208,Right,Right,1,259.879,0.0,0.0,0,2026-04-26T15:58:30.963729+00:00
P035,Voluntary,PostTest,209,Left,Right,0,241.879,0.0,0.0,0,2026-04-26T15:58:30.963729+00:00
P035,Voluntary,PostTest,210,Left,Left,1,291.879,0.0,0.0,0,2026-04-26T15:58:30.963729+00:00
P035,Voluntary,PostTest,211,Right,Right,1,198.879,0.0,0.0,0,2026-04-26T15:58:30.963729+00:00
P035,Voluntary,PostTest,212,Right,Right,1,250.879,0.0,0.0,0,2026-04-26T15:58:30.963729+00:00
P035,Voluntary,PostTest,213,Left,Left,1,314.879,0.0,0.0,0,2026-04-26T15:58:30.963729+00:00
P035,Voluntary,PostTest,214,Left,Left,1,298.879,0.0,0.0,0,2026-04-26T15:58:30.963729+00:00
P035,Voluntary,PostTest,215,Left,Left,1,250.879,0.0,0.0,0,2026-04-26T15:58:30.963729+00:00
P035,Voluntary,PostTest,216,Right,Right,1,334.879,0.0,0.0,0,2026-04-26T15:58:30.963729+00:00
P035,Voluntary,PostTest,217,Right,Right,1,244.879,0.0,0.0,0,2026-04-26T15:58:30.963729+00:00
P035,Voluntary,PostTest,218,Right,Left,0,203.879,0.0,0.0,0,2026-04-26T15:58:30.963729+00:00
P035,Voluntary,PostTest,219,Left,Left,1,265.879,0.0,0.0,0,2026-04-26T15:58:30.963729+00:00
P035,Voluntary,PostTest,220,Left,Left,1,244.879,0.0,0.0,0,2026-04-26T15:58:30.963729+00:00
P035,Voluntary,PostTest,221,Right,Right,1,215.879,0.0,0.0,0,2026-04-26T15:58:30.963729+00:00
P035,Voluntary,PostTest,222,Right,Right,1,331.879,0.0,0.0,0,2026-04-26T15:58:30.963729+00:00
P035,Voluntary,PostTest,223,Right,Right,1,291.879,0.0,0.0,0,2026-04-26T15:58:30.963729+00:00
P035,Voluntary,PostTest,224,Left,Left,1,254.879,0.0,0.0,0,2026-04-26T15:58:30.963729+00:00
P035,Voluntary,PostTest,225,Right,Right,1,219.879,0.0,0.0,0,2026-04-26T15:58:30.963729+00:00
P035,Voluntary,PostTest,226,Right,Right,1,227.879,0.0,0.0,0,2026-04-26T15:58:30.963729+00:00
P035,Voluntary,PostTest,227,Left,Right,0,241.879,0.0,0.0,0,2026-04-26T15:58:30.963729+00:00
P035,Voluntary,PostTest,228,Left,Left,1,286.879,0.0,0.0,0,2026-04-26T15:58:30.963729+00:00
P035,Voluntary,PostTest,229,Right,Right,1,242.879,0.0,0.0,0,2026-04-26T15:58:30.963729+00:00
P035,Voluntary,PostTest,230,Right,Right,1,210.879,0.0,0.0,0,2026-04-26T15:58:30.963729+00:00
P035,Voluntary,PostTest,231,Right,Right,1,231.879,0.0,0.0,0,2026-04-26T15:58:30.963729+00:00
P035,Voluntary,PostTest,232,Left,Left,1,220.879,0.0,0.0,0,2026-04-26T15:58:30.963729+00:00
P035,Voluntary,PostTest,233,Right,Right,1,202.879,0.0,0.0,0,2026-04-26T15:58:30.963729+00:00
P035,Voluntary,PostTest,234,Left,Left,1,290.879,0.0,0.0,0,2026-04-26T15:58:30.963729+00:00
P035,Voluntary,PostTest,235,Left,Left,1,226.879,0.0,0.0,0,2026-04-26T15:58:30.963729+00:00
P035,Voluntary,PostTest,236,Left,Left,1,278.879,0.0,0.0,0,2026-04-26T15:58:30.963729+00:00
P035,Voluntary,PostTest,237,Right,Right,1,287.879,0.0,0.0,0,2026-04-26T15:58:30.963729+00:00
P035,Voluntary,PostTest,238,Right,Left,0,211.879,0.0,0.0,0,2026-04-26T15:58:30.963729+00:00
P035,Voluntary,PostTest,239,Left,Left,1,230.879,0.0,0.0,0,2026-04-26T15:58:30.963729+00:00
P035,Voluntary,PostTest,240,Right,Right,1,277.879,0.0,0.0,0,2026-04-26T15:58:30.963729+00:00
P035,Voluntary,PostTest,241,Right,Right,1,200.879,0.0,0.0,0,2026-04-26T15:58:30.963729+00:00
P035,Voluntary,PostTest,242,Right,Right,1,197.879,0.0,0.0,0,2026-04-26T15:58:30.963729+00:00
P035,Voluntary,PostTest,243,Left,Left,1,198.879,0.0,0.0,0,2026-04-26T15:58:30.963729+00:00
P035,Voluntary,PostTest,244,Left,Left,1,212.879,0.0,0.0,0,2026-04-26T15:58:30.963729+00:00
P035,Voluntary,PostTest,245,Right,Right,1,235.879,0.0,0.0,0,2026-04-26T15:58:30.963729+00:00
P035,Voluntary,PostTest,246,Left,Left,1,264.879,0.0,0.0,0,2026-04-26T15:58:30.963729+00:00
P035,Voluntary,PostTest,247,Left,Left,1,230.879,0.0,0.0,0,2026-04-26T15:58:30.963729+00:00
P035,Voluntary,PostTest,248,Left,Right,0,270.879,0.0,0.0,0,2026-04-26T15:58:30.963729+00:00
P035,Voluntary,PostTest,249,Right,Left,0,225.879,0.0,0.0,0,2026-04-26T15:58:30.963729+00:00
P035,Voluntary,PostTest,250,Left,Left,1,257.879,0.0,0.0,0,2026-04-26T15:58:30.963729+00:00
P035,Voluntary,PostTest,251,Left,Left,1,213.879,0.0,0.0,0,2026-04-26T15:58:30.963729+00:00
P035,Voluntary,PostTest,252,Right,Right,1,241.879,0.0,0.0,0,2026-04-26T15:58:30.963729+00:00
P035,Voluntary,PostTest,253,Left,Left,1,224.879,0.0,0.0,0,2026-04-26T15:58:30.963729+00:00
P035,Voluntary,PostTest,254,Right,Right,1,211.879,0.0,0.0,0,2026-04-26T15:58:30.963729+00:00
P035,Voluntary,PostTest,255,Right,Right,1,215.879,0.0,0.0,0,2026-04-26T15:58:30.963729+00:00
P035,Voluntary,PostTest,256,Right,Right,1,234.879,0.0,0.0,0,2026-04-26T15:58:30.963729+00:00
P035,Voluntary,PostTest,257,Right,Right,1,229.879,0.0,0.0,0,2026-04-26T15:58:30.963729+00:00
P035,Voluntary,PostTest,258,Left,Left,1,267.879,0.0,0.0,0,2026-04-26T15:58:30.963729+00:00
P035,Voluntary,PostTest,259,Left,Left,1,199.879,0.0,0.0,0,2026-04-26T15:58:30.963729+00:00
P035,Voluntary,PostTest,260,Left,Left,1,237.879,0.0,0.0,0,2026-04-26T15:58:30.963729+00:00
P035,Voluntary,PostTest,261,Right,Right,1,291.879,0.0,0.0,0,2026-04-26T15:58:30.963729+00:00
P035,Voluntary,PostTest,262,Left,Left,1,273.879,0.0,0.0,0,2026-04-26T15:58:30.963729+00:00
P035,Voluntary,PostTest,263,Left,Left,1,240.879,0.0,0.0,0,2026-04-26T15:58:30.963729+00:00
P035,Voluntary,PostTest,264,Left,Left,1,262.879,0.0,0.0,0,2026-04-26T15:58:30.963729+00:00
P035,Voluntary,PostTest,265,Left,Left,1,208.879,0.0,0.0,0,2026-04-26T15:58:30.963729+00:00
P035,Voluntary,PostTest,266,Right,Right,1,282.879,0.0,0.0,0,2026-04-26T15:58:30.963729+00:00
P035,Voluntary,PostTest,267,Left,Left,1,370.879,0.0,0.0,0,2026-04-26T15:58:30.963729+00:00
P035,Voluntary,PostTest,268,Left,Left,1,215.879,0.0,0.0,0,2026-04-26T15:58:30.963729+00:00
P035,Voluntary,PostTest,269,Left,Left,1,463.879,0.0,0.0,0,2026-04-26T15:58:30.963729+00:00
P035,Voluntary,PostTest,270,Left,Left,1,278.879,0.0,0.0,0,2026-04-26T15:58:30.963729+00:00
P035,Voluntary,PostTest,271,Left,Right,0,243.879,0.0,0.0,0,2026-04-26T15:58:30.963729+00:00
P035,Voluntary,PostTest,272,Right,Right,1,251.879,0.0,0.0,0,2026-04-26T15:58:30.963729+00:00
P035,Voluntary,PostTest,273,Left,Left,1,364.879,0.0,0.0,0,2026-04-26T15:58:30.963729+00:00
P035,Voluntary,PostTest,274,Left,Left,1,295.879,0.0,0.0,0,2026-04-26T15:58:30.963729+00:00
P035,Voluntary,PostTest,275,Right,Right,1,265.879,0.0,0.0,0,2026-04-26T15:58:30.963729+00:00
P035,Voluntary,PostTest,276,Right,Right,1,309.879,0.0,0.0,0,2026-04-26T15:58:30.963729+00:00
P035,Voluntary,PostTest,277,Left,Left,1,357.879,0.0,0.0,0,2026-04-26T15:58:30.963729+00:00
P035,Voluntary,PostTest,278,Right,Right,1,313.879,0.0,0.0,0,2026-04-26T15:58:30.963729+00:00
P035,Voluntary,PostTest,279,Left,Left,1,256.879,0.0,0.0,0,2026-04-26T15:58:30.963729+00:00
P035,Voluntary,PostTest,280,Left,Left,1,281.879,0.0,0.0,0,2026-04-26T15:58:30.963729+00:00
P035,Voluntary,PostTest,281,Right,Right,1,208.879,0.0,0.0,0,2026-04-26T15:58:30.963729+00:00
P035,Voluntary,PostTest,282,Left,Right,0,351.879,0.0,0.0,0,2026-04-26T15:58:30.963729+00:00
P035,Voluntary,PostTest,283,Left,Left,1,358.879,0.0,0.0,0,2026-04-26T15:58:30.963729+00:00
P035,Voluntary,PostTest,284,Left,Right,0,230.879,0.0,0.0,0,2026-04-26T15:58:30.963729+00:00
P035,Voluntary,PostTest,285,Left,Left,1,296.879,0.0,0.0,0,2026-04-26T15:58:30.963729+00:00
P035,Voluntary,PostTest,286,Left,Left,1,216.879,0.0,0.0,0,2026-04-26T15:58:30.963729+00:00
P035,Voluntary,PostTest,287,Left,Left,1,244.879,0.0,0.0,0,2026-04-26T15:58:30.963729+00:00
P035,Voluntary,PostTest,288,Right,Right,1,218.879,0.0,0.0,0,2026-04-26T15:58:30.963729+00:00
P035,Voluntary,PostTest,289,Left,Left,1,208.879,0.0,0.0,0,2026-04-26T15:58:30.963729+00:00
P035,Voluntary,PostTest,290,Left,Right,0,244.879,0.0,0.0,0,2026-04-26T15:58:30.963729+00:00
P035,Voluntary,PostTest,291,Right,Right,1,331.879,0.0,0.0,0,2026-04-26T15:58:30.963729+00:00
P035,Voluntary,PostTest,292,Right,Right,1,325.879,0.0,0.0,0,2026-04-26T15:58:30.963729+00:00
P035,Voluntary,PostTest,293,Right,Right,1,317.879,0.0,0.0,0,2026-04-26T15:58:30.963729+00:00
P035,Voluntary,PostTest,294,Right,Right,1,217.879,0.0,0.0,0,2026-04-26T15:58:30.963729+00:00
P035,Voluntary,PostTest,295,Left,Right,0,241.879,0.0,0.0,0,2026-04-26T15:58:30.963729+00:00
P035,Voluntary,PostTest,296,Left,Left,1,218.879,0.0,0.0,0,2026-04-26T15:58:30.963729+00:00
P035,Voluntary,PostTest,297,Left,Left,1,291.879,0.0,0.0,0,2026-04-26T15:58:30.963729+00:00
P035,Voluntary,PostTest,298,Right,Right,1,210.879,0.0,0.0,0,2026-04-26T15:58:30.963729+00:00
P035,Voluntary,PostTest,299,Left,Left,1,196.879,0.0,0.0,0,2026-04-26T15:58:30.963729+00:00
P035,Voluntary,PostTest,300,Right,Right,1,489.879,0.0,0.0,0,2026-04-26T15:58:30.963729+00:00
P035,Voluntary,PostTest,301,Left,Right,0,314.879,0.0,0.0,0,2026-04-26T15:58:30.963729+00:00
P035,Voluntary,PostTest,302,Left,Right,0,230.879,0.0,0.0,0,2026-04-26T15:58:30.963729+00:00
P035,Voluntary,PostTest,303,Left,Left,1,210.879,0.0,0.0,0,2026-04-26T15:58:30.963729+00:00
P035,Voluntary,PostTest,304,Right,Right,1,263.879,0.0,0.0,0,2026-04-26T15:58:30.963729+00:00
P035,Voluntary,PostTest,305,Left,Left,1,230.879,0.0,0.0,0,2026-04-26T15:58:30.963729+00:00
P035,Voluntary,PostTest,306,Left,Left,1,223.879,0.0,0.0,0,2026-04-26T15:58:30.963729+00:00
P035,Voluntary,PostTest,307,Left,Left,1,221.879,0.0,0.0,0,2026-04-26T15:58:30.963729+00:00
P035,Voluntary,PostTest,308,Left,Left,1,348.879,0.0,0.0,0,2026-04-26T15:58:30.963729+00:00
P035,Voluntary,PostTest,309,Left,Left,1,196.879,0.0,0.0,0,2026-04-26T15:58:30.963729+00:00
P035,Voluntary,PostTest,310,Left,Left,1,205.879,0.0,0.0,0,2026-04-26T15:58:30.963729+00:00
P035,Voluntary,PostTest,311,Left,Left,1,207.879,0.0,0.0,0,2026-04-26T15:58:30.963729+00:00
P035,Voluntary,PostTest,312,Left,Left,1,228.879,0.0,0.0,0,2026-04-26T15:58:30.963729+00:00
P035,Voluntary,PostTest,313,Left,Left,1,220.879,0.0,0.0,0,2026-04-26T15:58:30.963729+00:00
P035,Voluntary,PostTest,314,Right,Right,1,240.879,0.0,0.0,0,2026-04-26T15:58:30.963729+00:00
P035,Voluntary,PostTest,315,Left,Left,1,253.879,0.0,0.0,0,2026-04-26T15:58:30.963729+00:00
P035,Voluntary,PostTest,316,Left,Left,1,335.879,0.0,0.0,0,2026-04-26T15:58:30.963729+00:00
P035,Voluntary,PostTest,317,Left,Left,1,247.879,0.0,0.0,0,2026-04-26T15:58:30.963729+00:00
P035,Voluntary,PostTest,318,Left,Left,1,202.879,0.0,0.0,0,2026-04-26T15:58:30.963729+00:00
P035,Voluntary,PostTest,319,Left,Left,1,215.879,0.0,0.0,0,2026-04-26T15:58:30.963729+00:00
P035,Voluntary,PostTest,320,Right,Right,1,269.879,0.0,0.0,0,2026-04-26T15:58:30.963729+00:00
P035,Voluntary,PostTest,321,Right,Right,1,311.879,0.0,0.0,0,2026-04-26T15:58:30.963729+00:00
P035,Voluntary,PostTest,322,Left,Right,0,242.879,0.0,0.0,0,2026-04-26T15:58:30.963729+00:00
P035,Voluntary,PostTest,323,Left,Left,1,227.879,0.0,0.0,0,2026-04-26T15:58:30.963729+00:00
P035,Voluntary,PostTest,324,Left,Left,1,194.879,0.0,0.0,0,2026-04-26T15:58:30.963729+00:00
P035,Voluntary,PostTest,325,Left,Left,1,235.879,0.0,0.0,0,2026-04-26T15:58:30.963729+00:00
P035,Voluntary,PostTest,326,Right,Right,1,246.879,0.0,0.0,0,2026-04-26T15:58:30.963729+00:00
P035,Voluntary,PostTest,327,Right,Right,1,202.879,0.0,0.0,0,2026-04-26T15:58:30.963729+00:00
P035,Voluntary,PostTest,328,Right,Right,1,319.879,0.0,0.0,0,2026-04-26T15:58:30.963729+00:00
P035,Voluntary,PostTest,329,Right,Right,1,279.879,0.0,0.0,0,2026-04-26T15:58:30.963729+00:00
P035,Voluntary,PostTest,330,Right,Right,1,208.879,0.0,0.0,0,2026-04-26T15:58:30.963729+00:00
P035,Voluntary,PostTest,331,Left,Left,1,240.879,0.0,0.0,0,2026-04-26T15:58:30.963729+00:00
P035,Voluntary,PostTest,332,Right,Right,1,207.879,0.0,0.0,0,2026-04-26T15:58:30.963729+00:00
P035,Voluntary,PostTest,333,Left,Left,1,237.879,0.0,0.0,0,2026-04-26T15:58:30.963729+00:00
P035,Voluntary,PostTest,334,Left,Right,0,205.879,0.0,0.0,0,2026-04-26T15:58:30.963729+00:00
P035,Voluntary,PostTest,335,Right,Right,1,236.879,0.0,0.0,0,2026-04-26T15:58:30.963729+00:00
P035,Voluntary,PostTest,336,Right,Left,0,228.879,0.0,0.0,0,2026-04-26T15:58:30.963729+00:00
P035,Voluntary,PostTest,337,Left,Left,1,211.879,0.0,0.0,0,2026-04-26T15:58:30.963729+00:00
P035,Voluntary,PostTest,338,Left,Left,1,345.879,0.0,0.0,0,2026-04-26T15:58:30.963729+00:00
P035,Voluntary,PostTest,339,Left,Left,1,215.879,0.0,0.0,0,2026-04-26T15:58:30.963729+00:00
P035,Voluntary,PostTest,340,Left,Right,0,309.879,0.0,0.0,0,2026-04-26T15:58:30.963729+00:00
P035,Voluntary,PostTest,341,Left,Left,1,446.879,0.0,0.0,0,2026-04-26T15:58:30.963729+00:00
P035,Voluntary,PostTest,342,Right,Right,1,244.879,0.0,0.0,0,2026-04-26T15:58:30.963729+00:00
P035,Voluntary,PostTest,343,Left,Left,1,292.879,0.0,0.0,0,2026-04-26T15:58:30.963729+00:00
P035,Voluntary,PostTest,344,Left,Left,1,661.879,0.0,0.0,0,2026-04-26T15:58:30.963729+00:00
P035,Voluntary,PostTest,345,Left,Left,1,210.879,0.0,0.0,0,2026-04-26T15:58:30.963729+00:00
P035,Voluntary,PostTest,346,Right,Right,1,375.879,0.0,0.0,0,2026-04-26T15:58:30.963729+00:00
P035,Voluntary,PostTest,347,Left,Left,1,316.879,0.0,0.0,0,2026-04-26T15:58:30.963729+00:00
P035,Voluntary,PostTest,348,Right,Left,0,214.879,0.0,0.0,0,2026-04-26T15:58:30.963729+00:00
P035,Voluntary,PostTest,349,Right,Right,1,211.879,0.0,0.0,0,2026-04-26T15:58:30.963729+00:00
P035,Voluntary,PostTest,350,Left,Left,1,293.879,0.0,0.0,0,2026-04-26T15:58:30.963729+00:00
P035,Voluntary,PostTest,351,Right,Right,1,208.879,0.0,0.0,0,2026-04-26T15:58:30.963729+00:00
P035,Voluntary,PostTest,352,Left,Right,0,250.879,0.0,0.0,0,2026-04-26T15:58:30.963729+00:00
P035,Voluntary,PostTest,353,Right,Left,0,224.879,0.0,0.0,0,2026-04-26T15:58:30.963729+00:00
P035,Voluntary,PostTest,354,Right,Right,1,227.879,0.0,0.0,0,2026-04-26T15:58:30.963729+00:00
P035,Voluntary,PostTest,355,Left,Left,1,205.879,0.0,0.0,0,2026-04-26T15:58:30.963729+00:00
P035,Voluntary,PostTest,356,Right,Right,1,199.879,0.0,0.0,0,2026-04-26T15:58:30.963729+00:00
P035,Voluntary,PostTest,357,Right,Right,1,281.879,0.0,0.0,0,2026-04-26T15:58:30.963729+00:00
P035,Voluntary,PostTest,358,Right,Right,1,218.879,0.0,0.0,0,2026-04-26T15:58:30.963729+00:00
P035,Voluntary,PostTest,359,Right,Left,0,203.879,0.0,0.0,0,2026-04-26T15:58:30.963729+00:00
P035,Voluntary,PostTest,360,Left,Left,1,246.879,0.0,0.0,0,2026-04-26T15:58:30.963729+00:00
P035,Voluntary,PostTest,361,Right,Right,1,261.879,0.0,0.0,0,2026-04-26T15:58:30.963729+00:00
P035,Voluntary,PostTest,362,Right,Right,1,238.879,0.0,0.0,0,2026-04-26T15:58:30.963729+00:00
P035,Voluntary,PostTest,363,Right,Left,0,362.879,0.0,0.0,0,2026-04-26T15:58:30.963729+00:00
P035,Voluntary,PostTest,364,Left,Left,1,217.879,0.0,0.0,0,2026-04-26T15:58:30.963729+00:00
P035,Voluntary,PostTest,365,Left,Left,1,202.879,0.0,0.0,0,2026-04-26T15:58:30.963729+00:00
P035,Voluntary,PostTest,366,Left,Left,1,248.879,0.0,0.0,0,2026-04-26T15:58:30.963729+00:00
P035,Voluntary,PostTest,367,Left,Left,1,226.879,0.0,0.0,0,2026-04-26T15:58:30.963729+00:00
P035,Voluntary,PostTest,368,Left,Left,1,228.879,0.0,0.0,0,2026-04-26T15:58:30.963729+00:00
P035,Voluntary,PostTest,369,Right,Right,1,296.879,0.0,0.0,0,2026-04-26T15:58:30.963729+00:00
P035,Voluntary,PostTest,370,Left,Left,1,233.879,0.0,0.0,0,2026-04-26T15:58:30.963729+00:00
P035,Voluntary,PostTest,371,Left,Left,1,239.879,0.0,0.0,0,2026-04-26T15:58:30.963729+00:00
P035,Voluntary,PostTest,372,Left,Left,1,254.879,0.0,0.0,0,2026-04-26T15:58:30.963729+00:00
P035,Voluntary,PostTest,373,Right,Right,1,204.879,0.0,0.0,0,2026-04-26T15:58:30.963729+00:00
P035,Voluntary,PostTest,374,Right,Right,1,229.879,0.0,0.0,0,2026-04-26T15:58:30.963729+00:00
P035,Voluntary,PostTest,375,Right,Right,1,202.879,0.0,0.0,0,2026-04-26T15:58:30.963729+00:00
P035,Voluntary,PostTest,376,Left,Right,0,219.879,0.0,0.0,0,2026-04-26T15:58:30.963729+00:00
P035,Voluntary,PostTest,377,Left,Left,1,333.879,0.0,0.0,0,2026-04-26T15:58:30.963729+00:00
P035,Voluntary,PostTest,378,Left,Left,1,274.879,0.0,0.0,0,2026-04-26T15:58:30.963729+00:00
P035,Voluntary,PostTest,379,Right,Right,1,212.879,0.0,0.0,0,2026-04-26T15:58:30.963729+00:00
P035,Voluntary,PostTest,380,Right,Right,1,292.879,0.0,0.0,0,2026-04-26T15:58:30.963729+00:00
P035,Voluntary,PostTest,381,Left,Left,1,260.879,0.0,0.0,0,2026-04-26T15:58:30.963729+00:00
P035,Voluntary,PostTest,382,Right,Right,1,389.879,0.0,0.0,0,2026-04-26T15:58:30.963729+00:00
P035,Voluntary,PostTest,383,Left,Left,1,214.879,0.0,0.0,0,2026-04-26T15:58:30.963729+00:00
P035,Voluntary,PostTest,384,Right,Right,1,227.879,0.0,0.0,0,2026-04-26T15:58:30.963729+00:00
P035,Voluntary,PostTest,385,Left,Left,1,321.879,0.0,0.0,0,2026-04-26T15:58:30.963729+00:00
P035,Voluntary,PostTest,386,Left,Left,1,212.879,0.0,0.0,0,2026-04-26T15:58:30.963729+00:00
P035,Voluntary,PostTest,387,Left,Left,1,277.879,0.0,0.0,0,2026-04-26T15:58:30.963729+00:00
P035,Voluntary,PostTest,388,Right,Right,1,433.879,0.0,0.0,0,2026-04-26T15:58:30.963729+00:00
P035,Voluntary,PostTest,389,Left,Left,1,270.879,0.0,0.0,0,2026-04-26T15:58:30.963729+00:00
P035,Voluntary,PostTest,390,Left,Left,1,213.879,0.0,0.0,0,2026-04-26T15:58:30.963729+00:00
P035,Voluntary,PostTest,391,Left,Left,1,232.879,0.0,0.0,0,2026-04-26T15:58:30.963729+00:00
P035,Voluntary,PostTest,392,Right,Left,0,226.879,0.0,0.0,0,2026-04-26T15:58:30.963729+00:00
P035,Voluntary,PostTest,393,Left,Left,1,316.879,0.0,0.0,0,2026-04-26T15:58:30.963729+00:00
P035,Voluntary,PostTest,394,Left,Left,1,215.879,0.0,0.0,0,2026-04-26T15:58:30.963729+00:00
P035,Voluntary,PostTest,395,Left,Left,1,232.879,0.0,0.0,0,2026-04-26T15:58:30.963729+00:00
P035,Voluntary,PostTest,396,Right,Right,1,302.879,0.0,0.0,0,2026-04-26T15:58:30.963729+00:00
P035,Voluntary,PostTest,397,Right,Right,1,216.879,0.0,0.0,0,2026-04-26T15:58:30.963729+00:00
P035,Voluntary,PostTest,398,Right,Right,1,282.879,0.0,0.0,0,2026-04-26T15:58:30.963729+00:00
P035,Voluntary,PostTest,399,Left,Left,1,222.879,0.0,0.0,0,2026-04-26T15:58:30.963729+00:00
P035,Voluntary,PostTest,400,Right,Right,1,210.879,0.0,0.0,0,2026-04-26T15:58:30.963729+00:00
